filename,person,bicycle,car,motorbike,aeroplane,bus,train,truck,boat,traffic light,fire hydrant,stop sign,parking meter,total

1.jpg,0,0,1,0,0,0,0,0,0,0,0,0,0,1
10.jpg,0,0,1,0,0,0,0,0,0,0,0,0,0,1
100.jpg,0,0,1,0,0,0,0,0,0,0,0,0,0,1
1001.jpg,0,0,1,0,0,0,0,0,0,0,0,0,0,1
1002.jpg,0,0,1,0,0,0,0,0,0,0,0,0,0,1
1004.jpg,0,0,1,0,0,0,0,0,0,0,0,0,0,1
1005.jpg,0,0,1,0,0,0,0,0,0,0,0,0,0,1
1006.jpg,0,0,1,0,0,0,0,0,0,0,0,0,0,1
1007.jpg,0,0,1,0,0,0,0,0,0,0,0,0,0,1
1009.jpg,0,0,1,0,0,0,0,0,0,0,0,0,0,1
101.jpg,0,0,1,0,0,0,0,0,0,0,0,0,0,1
1010.jpg,0,0,1,0,0,0,0,0,0,0,0,0,0,1
1011.jpg,0,0,1,0,0,0,0,0,0,0,0,0,0,1
1012.jpg,0,0,1,0,0,0,0,0,0,0,0,0,0,1
1013.jpg,0,0,1,0,0,0,0,0,0,0,0,0,0,1
1014.jpg,0,0,1,0,0,0,0,0,0,0,0,0,0,1
1015.jpg,0,0,1,0,0,0,0,0,0,0,0,0,0,1
1016.jpg,0,0,1,0,0,0,0,0,0,0,0,0,0,1
1017.jpg,1,0,1,0,0,0,0,0,0,0,0,0,0,2
1018.jpg,0,0,1,0,0,0,0,0,0,0,0,0,0,1
1019.jpg,0,0,1,0,0,0,0,0,0,0,0,0,0,1
102.jpg,0,0,2,0,0,0,0,0,0,0,0,0,0,2
1021.jpg,0,0,1,0,0,0,0,0,0,0,0,0,0,1
1023.jpg,0,0,1,0,0,0,0,0,0,0,0,0,0,1
1024.jpg,0,0,1,0,0,0,0,0,0,0,0,0,0,1
1026.jpg,0,0,4,0,0,0,0,0,0,0,0,0,0,4
1028.jpg,0,0,1,0,0,0,0,0,0,0,0,0,0,1
1029.jpg,0,0,1,0,0,0,0,0,0,0,0,0,0,1
103.jpg,0,0,1,0,0,0,0,0,0,0,0,0,0,1
1030.jpg,0,0,1,0,0,0,0,0,0,0,0,0,0,1
1031.jpg,0,0,2,0,0,0,0,0,0,0,0,0,0,2
1032.jpg,0,0,1,0,0,0,0,0,0,0,0,0,0,1
1033.jpg,0,0,1,0,0,0,0,0,0,0,0,0,0,1
1034.jpg,0,0,1,0,0,0,0,0,0,0,0,0,0,1
1035.jpg,0,0,1,0,0,0,0,0,0,0,0,0,0,1
1036.jpg,0,0,1,0,0,0,0,0,0,0,0,0,0,1
1037.jpg,0,0,1,0,0,0,0,0,0,0,0,0,0,1
1039.jpg,0,0,1,0,0,0,0,0,0,0,0,0,0,1
1040.jpg,0,0,1,0,0,0,0,0,0,0,0,0,0,1
1044.jpg,0,0,1,0,0,0,0,0,0,0,0,0,0,1
1045.jpg,0,0,0,0,0,0,0,0,0,0,0,0,0,0
1046.jpg,0,0,1,0,0,0,0,0,0,0,0,0,0,1
1047.jpg,0,0,1,0,0,0,0,0,0,0,0,0,0,1
1048.jpg,0,0,1,0,0,0,0,0,0,0,0,0,0,1
1049.jpg,0,0,1,0,0,0,0,0,0,0,0,0,0,1
105.jpg,0,0,1,0,0,0,0,0,0,0,0,0,0,1
1050.jpg,0,0,1,0,0,0,0,0,0,0,0,0,0,1
1052.jpg,0,0,1,0,0,0,0,0,0,0,0,0,0,1
1053.jpg,0,0,1,0,0,0,0,0,0,0,0,0,0,1
1054.jpg,0,0,1,0,0,0,0,0,0,0,0,0,0,1
1055.jpg,1,0,1,0,0,0,0,0,0,0,0,0,0,2
1056.jpg,0,0,1,0,0,0,0,0,0,0,0,0,0,1
1057.jpg,0,0,1,0,0,0,0,0,0,0,0,0,0,1
1058.jpg,0,0,1,0,0,0,0,0,0,0,0,0,0,1
106.jpg,0,0,1,0,0,0,0,0,0,0,0,0,0,1
1061.jpg,0,0,1,0,0,0,0,0,0,0,0,0,0,1
1062.jpg,0,0,2,0,0,0,0,0,0,0,0,0,0,2
1063.jpg,0,0,1,0,0,0,0,0,0,0,0,0,0,1
1065.jpg,0,0,1,0,0,0,0,0,0,0,0,0,0,1
1067.jpg,0,0,1,0,0,0,0,0,0,0,0,0,0,1
1068.jpg,0,0,1,0,0,0,0,0,0,0,0,0,0,1
1069.jpg,0,0,2,0,0,0,0,0,0,0,0,0,0,2
107.jpg,0,0,1,0,0,0,0,0,0,0,0,0,0,1
1070.jpg,0,0,2,0,0,0,0,0,0,0,0,0,0,2
1071.jpg,0,0,1,0,0,0,0,0,0,0,0,0,0,1
1074.jpg,0,0,1,0,0,0,0,0,0,0,0,0,0,1
1075.jpg,0,0,1,0,0,0,0,0,0,0,0,0,0,1
1076.jpg,0,0,1,0,0,0,0,0,0,0,0,0,0,1
1077.jpg,0,0,1,0,0,0,0,0,0,0,0,0,0,1
1078.jpg,0,0,1,0,0,0,0,0,0,0,0,0,0,1
1079.jpg,0,0,1,0,0,0,0,0,0,0,0,0,0,1
108.jpg,0,0,1,0,0,0,0,0,0,0,0,0,0,1
1081.jpg,0,0,1,0,0,0,0,0,0,0,0,0,0,1
1082.jpg,0,0,1,0,0,0,0,0,0,0,0,0,0,1
1083.jpg,0,0,1,0,0,0,0,0,0,0,0,0,0,1
1087.jpg,0,0,1,0,0,0,0,0,0,0,0,0,0,1
1088.jpg,0,0,1,0,0,0,0,0,0,0,0,0,0,1
1089.jpg,0,0,1,0,0,0,0,0,0,0,0,0,0,1
1090.jpg,0,0,1,0,0,0,0,0,0,0,0,0,0,1
1091.jpg,0,0,1,0,0,0,0,0,0,0,0,0,0,1
1092.jpg,0,0,1,0,0,0,0,0,0,0,0,0,0,1
1095.jpg,0,0,1,0,0,0,0,0,0,0,0,0,0,1
1096.jpg,0,0,1,0,0,0,0,0,0,0,0,0,0,1
1097.jpg,0,0,1,0,0,0,0,0,0,0,0,0,0,1
1098.jpg,1,0,1,0,0,0,0,0,0,0,0,0,0,2
11.jpg,0,0,1,0,0,0,0,0,0,0,0,0,0,1
110.jpg,0,0,1,0,0,0,0,0,0,0,0,0,0,1
1100.jpg,0,0,1,0,0,0,0,0,0,0,0,0,0,1
1102.jpg,0,0,1,0,0,0,0,0,0,0,0,0,0,1
1104.jpg,0,0,1,0,0,0,0,0,0,0,0,0,0,1
1105.jpg,0,0,1,0,0,0,0,0,0,0,0,0,0,1
1108.jpg,0,0,1,0,0,0,0,0,0,0,0,0,0,1
1109.jpg,4,0,1,0,0,0,0,0,0,0,0,0,0,5
111.jpg,0,0,1,0,0,0,0,0,0,0,0,0,0,1
1110.jpg,0,0,1,0,0,0,0,0,0,0,0,0,0,1
1112.jpg,0,0,2,0,0,0,0,0,0,0,0,0,0,2
1113.jpg,0,0,1,0,0,0,0,0,0,0,0,0,0,1
1114.jpg,0,0,1,0,0,0,0,0,0,0,0,0,0,1
1115.jpg,0,0,1,0,0,0,0,0,0,0,0,0,0,1
1116.jpg,0,0,3,0,0,0,0,0,0,0,0,0,0,3
1118.jpg,1,0,1,0,0,0,0,0,0,0,0,0,0,2
1119.jpg,0,0,1,0,0,0,0,0,0,0,0,0,0,1
112.jpg,0,0,1,0,0,0,0,0,0,0,0,0,0,1
1120.jpg,0,0,1,0,0,0,0,0,0,0,0,0,0,1
113.jpg,0,0,1,0,0,0,0,0,0,0,0,0,0,1
115.jpg,1,0,1,0,0,0,0,0,0,0,0,0,0,2
116.jpg,0,0,1,0,0,0,0,0,0,0,0,0,0,1
117.jpg,0,0,1,0,0,0,0,0,0,0,0,0,0,1
118.jpg,0,0,1,0,0,0,0,0,0,0,0,0,0,1
119.jpg,0,0,1,0,0,0,0,0,0,0,0,0,0,1
12.jpg,0,0,1,0,0,0,0,0,0,0,0,0,0,1
120.jpg,0,0,1,0,0,0,0,0,0,0,0,0,0,1
1201.jpg,0,0,1,0,0,0,0,0,0,0,0,0,0,1
1205.jpg,0,0,1,0,0,0,0,0,0,0,0,0,0,1
1206.jpg,0,0,1,0,0,0,0,0,0,0,0,0,0,1
1207.jpg,0,0,1,0,0,0,0,0,0,0,0,0,0,1
1209.jpg,0,0,1,0,0,0,0,0,0,0,0,0,0,1
121.jpg,1,0,1,0,0,0,0,0,0,0,0,0,0,2
1210.jpg,0,0,1,0,0,0,0,0,0,0,0,0,0,1
1211.jpg,0,0,1,0,0,0,0,0,0,0,0,0,0,1
1213.jpg,0,0,0,0,0,0,0,0,0,0,0,0,0,0
1214.jpg,0,0,1,0,0,0,0,0,0,0,0,0,0,1
1215.jpg,0,0,1,0,0,0,0,0,0,0,0,0,0,1
1216.jpg,0,0,1,0,0,0,0,0,0,0,0,0,0,1
1217.jpg,0,0,1,0,0,0,0,0,0,0,0,0,0,1
1219.jpg,0,0,1,0,0,0,0,0,0,0,0,0,0,1
122.jpg,0,0,1,0,0,0,0,0,0,0,0,0,0,1
1221.jpg,0,0,1,0,0,0,0,0,0,0,0,0,0,1
1223.jpg,0,0,1,0,0,0,0,0,0,0,0,0,0,1
1225.jpg,0,0,1,0,0,0,0,0,0,0,0,0,0,1
1226.jpg,0,0,1,0,0,0,0,0,0,0,0,0,0,1
1229.jpg,0,0,1,0,0,0,0,0,0,0,0,0,0,1
123.jpg,0,0,1,0,0,0,0,0,0,0,0,0,0,1
1230.jpg,0,0,2,0,0,0,0,0,0,0,0,0,0,2
1231.jpg,0,0,1,0,0,0,0,0,0,0,0,0,0,1
1232.jpg,0,0,1,0,0,0,0,0,0,0,0,0,0,1
1233.jpg,0,0,0,0,0,0,0,0,0,0,0,0,0,0
1234.jpg,0,0,1,0,0,0,0,0,0,0,0,0,0,1
1236.jpg,0,0,1,0,0,0,0,0,0,0,0,0,0,1
1237.jpg,1,0,1,0,0,0,0,0,0,0,0,0,0,2
1238.jpg,0,0,1,0,0,0,0,0,0,0,0,0,0,1
1239.jpg,0,0,1,0,0,0,0,0,0,0,0,0,0,1
124.jpg,0,0,1,0,0,0,0,0,0,0,0,0,0,1
1240.jpg,0,0,1,0,0,0,0,0,0,0,0,0,0,1
1243.jpg,0,0,0,0,0,0,0,0,0,0,0,0,0,0
1244.jpg,0,0,1,0,0,0,0,0,0,0,0,0,0,1
1245.jpg,0,0,1,0,0,0,0,0,0,0,0,0,0,1
1246.jpg,0,0,1,0,0,0,0,0,0,0,0,0,0,1
1247.jpg,0,0,1,0,0,0,0,0,0,0,0,0,0,1
1248.jpg,1,0,1,0,0,0,0,0,0,0,0,0,0,2
1249.jpg,0,0,1,0,0,0,0,0,0,0,0,0,0,1
125.jpg,0,0,1,0,0,0,0,0,0,0,0,0,0,1
1250.jpg,0,0,1,0,0,0,0,0,0,0,0,0,0,1
1251.jpg,0,0,1,0,0,0,0,0,0,0,0,0,0,1
1252.jpg,0,0,0,0,0,0,0,0,0,0,0,0,0,0
1253.jpg,0,0,1,0,0,0,0,0,0,0,0,0,0,1
1254.jpg,0,0,1,0,0,0,0,0,0,0,0,0,0,1
1256.jpg,0,0,0,0,0,0,0,1,0,0,0,0,0,1
1257.jpg,0,0,1,0,0,0,0,0,0,0,0,0,0,1
1258.jpg,0,0,1,0,0,0,0,0,0,0,0,0,0,1
1259.jpg,0,0,1,0,0,0,0,0,0,0,0,0,0,1
126.jpg,0,0,1,0,0,0,0,0,0,0,0,0,0,1
1260.jpg,0,0,1,0,0,0,0,0,0,0,0,0,0,1
1263.jpg,0,0,1,0,0,0,0,0,0,0,0,0,0,1
1264.jpg,0,0,1,0,0,0,0,0,0,0,0,0,0,1
1265.jpg,0,0,1,0,0,0,0,0,0,0,0,0,0,1
1266.jpg,0,0,0,0,0,0,0,0,0,0,0,0,0,0
1267.jpg,0,0,1,0,0,0,0,0,0,0,0,0,0,1
1268.jpg,1,0,1,0,0,0,0,0,0,0,0,0,0,2
1269.jpg,0,0,1,0,0,0,0,0,0,0,0,0,0,1
127.jpg,2,0,1,0,0,0,0,0,0,0,0,0,0,3
1270.jpg,0,0,1,0,0,0,0,0,0,0,0,0,0,1
1271.jpg,0,0,1,0,0,0,0,0,0,0,0,0,0,1
1273.jpg,0,0,1,0,0,0,0,0,0,0,0,0,0,1
1276.jpg,1,0,1,0,0,0,0,0,0,0,0,0,0,2
1278.jpg,0,0,0,0,0,0,0,0,0,0,0,0,0,0
128.jpg,0,0,1,0,0,0,0,0,0,0,0,0,0,1
1281.jpg,0,0,1,0,0,0,0,0,0,0,0,0,0,1
1285.jpg,0,0,1,0,0,0,0,0,0,0,0,0,0,1
1286.jpg,0,0,1,0,0,0,0,0,0,0,0,0,0,1
1288.jpg,0,0,1,0,0,0,0,0,0,0,0,0,0,1
1289.jpg,0,0,1,0,0,0,0,0,0,0,0,0,0,1
129.jpg,0,0,2,0,0,0,0,0,0,0,0,0,0,2
1290.jpg,0,0,1,0,0,0,0,0,0,0,0,0,0,1
1293.jpg,0,0,1,0,0,0,0,0,0,0,0,0,0,1
1294.jpg,0,0,1,0,0,0,0,0,0,0,0,0,0,1
1296.jpg,0,0,1,0,0,0,0,0,0,0,0,0,0,1
1298.jpg,0,0,1,0,0,0,0,0,0,0,0,0,0,1
1299.jpg,0,0,1,0,0,0,0,0,0,0,0,0,0,1
130.jpg,0,0,1,0,0,0,0,0,0,0,0,0,0,1
1301.jpg,0,0,1,0,0,0,0,0,0,0,0,0,0,1
1302.jpg,0,0,1,0,0,0,0,0,0,0,0,0,0,1
1303.jpg,0,0,1,0,0,0,0,0,0,0,0,0,0,1
1304.jpg,0,0,1,0,0,0,0,0,0,0,0,0,0,1
1305.jpg,0,0,1,0,0,0,0,0,0,0,0,0,0,1
1306.jpg,0,0,0,0,0,0,0,1,0,0,0,0,0,1
1307.jpg,0,0,1,0,0,0,0,0,0,0,0,0,0,1
1308.jpg,0,0,1,0,0,0,0,0,0,0,0,0,0,1
131.jpg,0,0,1,0,0,0,0,0,0,0,0,0,0,1
1311.jpg,0,0,1,0,0,0,0,0,0,0,0,0,0,1
1312.jpg,0,0,1,0,0,0,0,0,0,0,0,0,0,1
1313.jpg,0,0,1,0,0,0,0,0,0,0,0,0,0,1
1316.jpg,0,0,1,0,0,0,0,0,0,0,0,0,0,1
1319.jpg,0,0,1,0,0,0,0,0,0,0,0,0,0,1
132.jpg,0,0,1,0,0,0,0,0,0,0,0,0,0,1
1320.jpg,0,0,1,0,0,0,0,0,0,0,0,0,0,1
1321.jpg,0,0,1,0,0,0,0,0,0,0,0,0,0,1
1322.jpg,0,0,1,0,0,0,0,0,0,0,0,0,0,1
1324.jpg,0,0,1,0,0,0,0,0,0,0,0,0,0,1
1325.jpg,0,0,1,0,0,0,0,0,0,0,0,0,0,1
1326.jpg,0,0,1,0,0,0,0,0,0,0,0,0,0,1
1327.jpg,0,0,1,0,0,0,0,0,0,0,0,0,0,1
1329.jpg,0,0,1,0,0,0,0,0,0,0,0,0,0,1
133.jpg,0,0,1,0,0,0,0,0,0,0,0,0,0,1
1334.jpg,0,0,1,0,0,0,0,0,0,0,0,0,0,1
1339.jpg,0,0,3,0,0,0,0,0,0,0,0,0,0,3
1342.jpg,0,0,1,0,0,0,0,0,0,0,0,0,0,1
1343.jpg,0,0,1,0,0,0,0,0,0,0,0,0,0,1
1344.jpg,2,0,1,0,0,0,0,0,0,0,0,0,0,3
1346.jpg,0,0,1,0,0,0,0,0,0,0,0,0,0,1
1348.jpg,0,0,1,0,0,0,0,0,0,0,0,0,0,1
1349.jpg,0,0,1,0,0,0,0,0,0,0,0,0,0,1
1350.jpg,0,0,1,0,0,0,0,0,0,0,0,0,0,1
1351.jpg,0,0,1,0,0,0,0,0,0,0,0,0,0,1
1352.jpg,0,0,1,0,0,0,0,0,0,0,0,0,0,1
1353.jpg,0,0,1,0,0,0,0,0,0,0,0,0,0,1
1355.jpg,0,0,1,0,0,0,0,0,0,0,0,0,0,1
1356.jpg,0,0,1,0,0,0,0,0,0,0,0,0,0,1
1357.jpg,0,0,1,0,0,0,0,0,0,0,0,0,0,1
1358.jpg,0,0,1,0,0,0,0,0,0,0,0,0,0,1
136.jpg,0,0,1,0,0,0,0,0,0,0,0,0,0,1
1360.jpg,0,0,0,0,0,0,0,0,0,0,0,0,0,0
137.jpg,0,0,1,0,0,0,0,0,0,0,0,0,0,1
139.jpg,0,0,1,0,0,0,0,0,0,0,0,0,0,1
14.jpg,0,0,1,0,0,0,0,0,0,0,0,0,0,1
140.jpg,0,0,1,0,0,0,0,0,0,0,0,0,0,1
142.jpg,0,0,1,0,0,0,0,0,0,0,0,0,0,1
143.jpg,0,0,1,0,0,0,0,0,0,0,0,0,0,1
144.jpg,0,0,3,0,0,0,0,0,0,0,0,0,0,3
146.jpg,0,0,1,0,0,0,0,0,0,0,0,0,0,1
147.jpg,0,0,0,0,0,0,0,0,0,0,0,0,0,0
148.jpg,0,0,1,0,0,0,0,0,0,0,0,0,0,1
149.jpg,0,0,1,0,0,0,0,0,0,0,0,0,0,1
15.jpg,0,0,1,0,0,0,0,0,0,0,0,0,0,1
150.jpg,0,0,1,0,0,0,0,0,0,0,0,0,0,1
152.jpg,0,0,1,0,0,0,0,0,0,0,0,0,0,1
153.jpg,0,0,2,0,0,0,0,0,0,0,0,0,0,2
154.jpg,0,0,1,0,0,0,0,0,0,0,0,0,0,1
155.jpg,0,0,1,0,0,0,0,0,0,0,0,0,0,1
156.jpg,0,0,1,0,0,0,0,0,0,0,0,0,0,1
157.jpg,0,0,1,0,0,0,0,0,0,0,0,0,0,1
158.jpg,0,0,1,0,0,0,0,0,0,0,0,0,0,1
159.jpg,0,0,1,0,0,0,0,0,0,0,0,0,0,1
16.jpg,0,0,1,0,0,0,0,0,0,0,0,0,0,1
160.jpg,0,0,1,0,0,0,0,0,0,0,0,0,0,1
161.jpg,0,0,3,0,0,0,0,0,0,0,0,0,0,3
162.jpg,0,0,5,0,0,0,0,1,0,0,0,0,0,6
169.jpg,0,0,1,0,0,0,0,0,0,0,0,0,0,1
17.jpg,0,0,1,0,0,0,0,0,0,0,0,0,0,1
170.jpg,0,0,1,0,0,0,0,0,0,0,0,0,0,1
171.jpg,0,0,1,0,0,0,0,0,0,0,0,0,0,1
172.jpg,0,0,1,0,0,0,0,0,0,0,0,0,0,1
173.jpg,0,0,1,0,0,0,0,0,0,0,0,0,0,1
174.jpg,0,0,0,0,0,0,0,0,0,0,0,0,0,0
175.jpg,0,0,1,0,0,0,0,0,0,0,0,0,0,1
177.jpg,0,0,1,0,0,0,0,0,0,0,0,0,0,1
178.jpg,0,0,0,0,0,0,0,1,0,0,0,0,0,1
179.jpg,0,0,1,0,0,0,0,0,0,0,0,0,0,1
18.jpg,0,0,1,0,0,0,0,0,0,0,0,0,0,1
180.jpg,0,0,1,0,0,0,0,0,0,0,0,0,0,1
181.jpg,2,0,1,0,0,0,0,0,0,0,0,0,0,3
182.jpg,0,0,1,0,0,0,0,0,0,0,0,0,0,1
183.jpg,0,0,1,0,0,0,0,0,0,0,0,0,0,1
184.jpg,1,0,1,0,0,0,0,0,0,0,0,0,0,2
185.jpg,0,0,1,0,0,0,0,0,0,0,0,0,0,1
186.jpg,0,0,1,0,0,0,0,0,0,0,0,0,0,1
188.jpg,0,0,1,0,0,0,0,0,0,0,0,0,0,1
189.jpg,0,0,1,0,0,0,0,0,0,0,0,0,0,1
19.jpg,0,0,1,0,0,0,0,0,0,0,0,0,0,1
191.jpg,0,0,1,0,0,0,0,0,0,0,0,0,0,1
192.jpg,0,0,1,0,0,0,0,0,0,0,0,0,0,1
194.jpg,0,0,1,0,0,0,0,0,0,0,0,0,0,1
196.jpg,0,0,1,0,0,0,0,0,0,0,0,0,0,1
197.jpg,0,0,1,0,0,0,0,0,0,0,0,0,0,1
198.jpg,0,0,1,0,0,0,0,0,0,0,0,0,0,1
199.jpg,0,0,1,0,0,0,0,0,0,0,0,0,0,1
2.jpg,0,0,1,0,0,0,0,0,0,0,0,0,0,1
20.jpg,0,0,1,0,0,0,0,0,0,0,0,0,0,1
201.jpg,0,0,1,0,0,0,0,0,0,0,0,0,0,1
202.jpg,0,0,1,0,0,0,0,0,0,0,0,0,0,1
203.jpg,1,0,1,0,0,0,0,0,0,0,0,0,0,2
204.jpg,0,0,1,0,0,0,0,0,0,0,0,0,0,1
206.jpg,0,0,1,0,0,0,0,0,0,0,0,0,0,1
207.jpg,0,0,1,0,0,0,0,0,0,0,0,0,0,1
208.jpg,0,0,1,0,0,0,0,0,0,0,0,0,0,1
21.jpg,0,0,1,0,0,0,0,0,0,0,0,0,0,1
210.jpg,0,0,3,0,0,0,0,0,0,0,0,0,0,3
214.jpg,0,0,1,0,0,0,0,0,0,0,0,0,0,1
215.jpg,0,0,1,0,0,0,0,0,0,0,0,0,0,1
217.jpg,0,0,2,0,0,0,0,0,0,0,0,0,0,2
218.jpg,0,0,1,0,0,0,0,0,0,0,0,0,0,1
22.jpg,0,0,1,0,0,0,0,0,0,0,0,0,0,1
220.jpg,1,0,1,0,0,0,0,0,0,0,0,0,0,2
221.jpg,0,0,1,0,0,0,0,0,0,0,0,0,0,1
223.jpg,0,0,1,0,0,0,0,0,0,0,0,0,0,1
224.jpg,0,0,1,0,0,0,0,0,0,0,0,0,0,1
225.jpg,0,0,1,0,0,0,0,0,0,0,0,0,0,1
226.jpg,0,0,1,0,0,0,0,0,0,0,0,0,0,1
227.jpg,0,0,3,0,0,0,0,0,0,0,0,0,0,3
228.jpg,0,0,1,0,0,0,0,0,0,0,0,0,0,1
229.jpg,0,0,2,0,0,0,0,0,0,0,0,0,0,2
233.jpg,0,0,1,0,0,0,0,0,0,0,0,0,0,1
234.jpg,0,0,1,0,0,0,0,0,0,0,0,0,0,1
235.jpg,0,0,1,0,0,0,0,0,0,0,0,0,0,1
237.jpg,0,0,1,0,0,0,0,0,0,0,0,0,0,1
238.jpg,0,0,1,0,0,0,0,0,0,0,0,0,0,1
239.jpg,0,0,1,0,0,0,0,0,0,0,0,0,0,1
24.jpg,2,0,1,0,0,0,0,0,0,0,0,0,0,3
247.jpg,0,0,1,0,0,0,0,0,0,0,0,0,0,1
249.jpg,0,0,1,0,0,0,0,0,0,0,0,0,0,1
25.jpg,0,0,1,0,0,0,0,0,0,0,0,0,0,1
250.jpg,0,0,1,0,0,0,0,0,0,0,0,0,0,1
251.jpg,1,0,1,0,0,0,0,0,0,0,0,0,0,2
252.jpg,0,0,1,0,0,0,0,0,0,0,0,0,0,1
254.jpg,0,0,1,0,0,0,0,0,0,0,0,0,0,1
256.jpg,0,0,1,0,0,0,0,0,0,0,0,0,0,1
258.jpg,0,0,1,0,0,0,0,0,0,0,0,0,0,1
26.jpg,0,0,1,0,0,0,0,0,0,0,0,0,0,1
260.jpg,0,0,1,0,0,0,0,0,0,0,0,0,0,1
261.jpg,0,0,1,0,0,0,0,0,0,0,0,0,0,1
262.jpg,1,0,1,0,0,0,0,0,0,0,0,0,0,2
263.jpg,0,0,1,0,0,0,0,0,0,0,0,0,0,1
264.jpg,0,0,1,0,0,0,0,0,0,0,0,0,0,1
265.jpg,0,0,1,0,0,0,0,0,0,0,0,0,0,1
266.jpg,0,0,1,0,0,0,0,0,0,0,0,0,0,1
267.jpg,0,0,1,0,0,0,0,0,0,0,0,0,0,1
268.jpg,0,0,1,0,0,0,0,0,0,0,0,0,0,1
269.jpg,0,0,1,0,0,0,0,0,0,0,0,0,0,1
27.jpg,0,0,1,0,0,0,0,0,0,0,0,0,0,1
270.jpg,0,0,1,0,0,0,0,0,0,0,0,0,0,1
271.jpg,0,0,1,0,0,0,0,0,0,0,0,0,0,1
272.jpg,0,0,1,0,0,0,0,0,0,0,0,0,0,1
273.jpg,1,0,1,0,0,0,0,0,0,0,0,0,0,2
274.jpg,0,0,1,0,0,0,0,0,0,0,0,0,0,1
275.jpg,0,0,1,0,0,0,0,0,0,0,0,0,0,1
277.jpg,1,0,1,0,0,0,0,0,0,0,0,0,0,2
278.jpg,0,0,1,0,0,0,0,0,0,0,0,0,0,1
28.jpg,0,0,1,0,0,0,0,0,0,0,0,0,0,1
280.jpg,0,0,1,0,0,0,0,0,0,0,0,0,0,1
281.jpg,0,0,1,0,0,0,0,0,0,0,0,0,0,1
282.jpg,0,0,1,0,0,0,0,0,0,0,0,0,0,1
283.jpg,0,0,1,0,0,0,0,0,0,0,0,0,0,1
285.jpg,0,0,1,0,0,0,0,0,0,0,0,0,0,1
286.jpg,0,0,1,0,0,0,0,0,0,0,0,0,0,1
287.jpg,0,0,1,0,0,0,0,0,0,0,0,0,0,1
288.jpg,0,0,2,0,0,0,0,0,0,0,0,0,0,2
289.jpg,0,0,1,0,0,0,0,0,0,0,0,0,0,1
29.jpg,0,0,1,0,0,0,0,0,0,0,0,0,0,1
291.jpg,0,0,1,0,0,0,0,0,0,0,0,0,0,1
292.jpg,0,0,1,0,0,0,0,0,0,0,0,0,0,1
293.jpg,0,0,1,0,0,0,0,0,0,0,0,0,0,1
294.jpg,0,0,1,0,0,0,0,0,0,0,0,0,0,1
295.jpg,0,0,1,0,0,0,0,0,0,0,0,0,0,1
296.jpg,0,0,0,0,0,0,0,0,0,0,0,0,0,0
297.jpg,0,0,1,0,0,0,0,0,0,0,0,0,0,1
298.jpg,0,0,1,0,0,0,0,0,0,0,0,0,0,1
299.jpg,0,0,1,0,0,0,0,0,0,0,0,0,0,1
30.jpg,0,0,3,0,0,0,0,0,0,0,0,0,0,3
300.jpg,0,0,1,0,0,0,0,0,0,0,0,0,0,1
301.jpg,0,0,1,0,0,0,0,0,0,0,0,0,0,1
302.jpg,0,0,1,0,0,0,0,0,0,0,0,0,0,1
304.jpg,0,0,1,0,0,0,0,0,0,0,0,0,0,1
305.jpg,0,0,1,0,0,0,0,0,0,0,0,0,0,1
306.jpg,0,0,1,0,0,0,0,0,0,0,0,0,0,1
307.jpg,0,0,1,0,0,0,0,0,0,0,0,0,0,1
309.jpg,0,0,1,0,0,0,0,0,0,0,0,0,0,1
31.jpg,0,0,1,0,0,0,0,0,0,0,0,0,0,1
310.jpg,0,0,1,0,0,0,0,0,0,0,0,0,0,1
311.jpg,0,0,1,0,0,0,0,0,0,0,0,0,0,1
314.jpg,0,0,1,0,0,0,0,0,0,0,0,0,0,1
315.jpg,0,0,1,0,0,0,0,0,0,0,0,0,0,1
317.jpg,0,0,1,0,0,0,0,0,0,0,0,0,0,1
318.jpg,0,0,1,0,0,0,0,0,0,0,0,0,0,1
319.jpg,0,0,1,0,0,0,0,0,0,0,0,0,0,1
32.jpg,0,0,1,0,0,0,0,0,0,0,0,0,0,1
320.jpg,0,0,1,0,0,0,0,0,0,0,0,0,0,1
323.jpg,0,0,1,0,0,0,0,0,0,0,0,0,0,1
326.jpg,0,0,1,0,0,0,0,0,0,0,0,0,0,1
327.jpg,0,0,1,0,0,0,0,0,0,0,0,0,0,1
328.jpg,0,0,1,0,0,0,0,0,0,0,0,0,0,1
33.jpg,0,0,1,0,0,0,0,0,0,0,0,0,0,1
330.jpg,0,0,1,0,0,0,0,0,0,0,0,0,0,1
331.jpg,0,0,1,0,0,0,0,0,0,0,0,0,0,1
332.jpg,0,0,1,0,0,0,0,0,0,0,0,0,0,1
333.jpg,2,0,1,0,0,0,0,0,0,0,0,0,0,3
334.jpg,0,0,1,0,0,0,0,0,0,0,0,0,0,1
335.jpg,0,0,1,0,0,0,0,0,0,0,0,0,0,1
336.jpg,0,0,1,0,0,0,0,0,0,0,0,0,0,1
337.jpg,0,0,1,0,0,0,0,0,0,0,0,0,0,1
338.jpg,0,0,1,0,0,0,0,0,0,0,0,0,0,1
339.jpg,0,0,1,0,0,0,0,0,0,0,0,0,0,1
34.jpg,0,0,1,0,0,0,0,0,0,0,0,0,0,1
340.jpg,1,0,1,0,0,0,0,0,0,0,0,0,0,2
341.jpg,0,0,1,0,0,0,0,0,0,0,0,0,0,1
342.jpg,0,0,1,0,0,0,0,0,0,0,0,0,0,1
343.jpg,0,0,1,0,0,0,0,0,0,0,0,0,0,1
344.jpg,0,0,1,0,0,0,0,0,0,0,0,0,0,1
345.jpg,0,0,1,0,0,0,0,0,0,0,0,0,0,1
346.jpg,0,0,1,0,0,0,0,0,0,0,0,0,0,1
347.jpg,0,0,1,0,0,0,0,0,0,0,0,0,0,1
348.jpg,0,0,1,0,0,0,0,0,0,0,0,0,0,1
35.jpg,0,0,1,0,0,0,0,0,0,0,0,0,0,1
350.jpg,0,0,1,0,0,0,0,0,0,0,0,0,0,1
352.jpg,0,0,1,0,0,0,0,0,0,0,0,0,0,1
353.jpg,0,0,1,0,0,0,0,0,0,0,0,0,0,1
354.jpg,0,0,1,0,0,0,0,0,0,0,0,0,0,1
357.jpg,0,0,1,0,0,0,0,0,0,0,0,0,0,1
358.jpg,0,0,1,0,0,0,0,0,0,0,0,0,0,1
359.jpg,0,0,1,0,0,0,0,0,0,0,0,0,0,1
36.jpg,0,0,1,0,0,0,0,0,0,0,0,0,0,1
361.jpg,0,0,1,0,0,0,0,0,0,0,0,0,0,1
362.jpg,0,0,1,0,0,0,0,0,0,0,0,0,0,1
363.jpg,0,0,1,0,0,0,0,0,0,0,0,0,0,1
365.jpg,0,0,1,0,0,0,0,0,0,0,0,0,0,1
366.jpg,0,0,2,0,0,0,0,0,0,0,0,0,0,2
367.jpg,0,0,1,0,0,0,0,0,0,0,0,0,0,1
368.jpg,0,0,1,0,0,0,0,0,0,0,0,0,0,1
369.jpg,0,0,1,0,0,0,0,0,0,0,0,0,0,1
37.jpg,1,0,0,0,0,0,0,0,0,0,0,0,0,1
370.jpg,0,0,1,0,0,0,0,0,0,0,0,0,0,1
371.jpg,0,0,1,0,0,0,0,0,0,0,0,0,0,1
372.jpg,1,0,1,0,0,0,0,0,0,0,0,0,0,2
373.jpg,0,0,1,0,0,0,0,0,0,0,0,0,0,1
374.jpg,0,0,1,0,0,0,0,0,0,0,0,0,0,1
375.jpg,0,0,1,0,0,0,0,0,0,0,0,0,0,1
376.jpg,0,0,1,0,0,0,0,0,0,0,0,0,0,1
377.jpg,0,0,1,0,0,0,0,0,0,0,0,0,0,1
378.jpg,0,0,1,0,0,0,0,0,0,0,0,0,0,1
379.jpg,0,0,0,0,0,0,0,0,0,0,0,0,0,0
38.jpg,0,0,1,0,0,0,0,0,0,0,0,0,0,1
380.jpg,0,0,1,0,0,0,0,0,0,0,0,0,0,1
381.jpg,0,0,1,0,0,0,0,0,0,0,0,0,0,1
383.jpg,0,0,1,0,0,0,0,0,0,0,0,0,0,1
384.jpg,0,0,1,0,0,0,0,0,0,0,0,0,0,1
385.jpg,0,0,0,0,0,0,0,0,0,0,0,0,0,0
386.jpg,0,0,1,0,0,0,0,0,0,0,0,0,0,1
388.jpg,0,0,1,0,0,0,0,0,0,0,0,0,0,1
389.jpg,0,0,1,0,0,0,0,0,0,0,0,0,0,1
390.jpg,0,0,1,0,0,0,0,0,0,0,0,0,0,1
392.jpg,0,0,1,0,0,0,0,0,0,0,0,0,0,1
393.jpg,0,0,1,0,0,0,0,0,0,0,0,0,0,1
394.jpg,0,0,1,0,0,0,0,0,0,0,0,0,0,1
395.jpg,0,0,1,0,0,0,0,0,0,0,0,0,0,1
396.jpg,0,0,1,0,0,0,0,0,0,0,0,0,0,1
397.jpg,0,0,1,0,0,0,0,0,0,0,0,0,0,1
4.jpg,0,0,1,0,0,0,0,0,0,0,0,0,0,1
40.jpg,0,0,1,0,0,0,0,0,0,0,0,0,0,1
400.jpg,0,0,1,0,0,0,0,0,0,0,0,0,0,1
401.jpg,0,0,1,0,0,0,0,0,0,0,0,0,0,1
402.jpg,0,0,1,0,0,0,0,0,0,0,0,0,0,1
403.jpg,0,0,1,0,0,0,0,0,0,0,0,0,0,1
406.jpg,0,0,1,0,0,0,0,0,0,0,0,0,0,1
407.jpg,0,0,1,0,0,0,0,0,0,0,0,0,0,1
408.jpg,0,0,1,0,0,0,0,0,0,0,0,0,0,1
410.jpg,0,0,1,0,0,0,0,0,0,0,0,0,0,1
411.jpg,0,0,1,0,0,0,0,0,0,0,0,0,0,1
412.jpg,0,0,0,0,0,0,0,0,0,0,0,0,0,0
415.jpg,0,0,1,0,0,0,0,0,0,0,0,0,0,1
416.jpg,0,0,1,0,0,0,0,0,0,0,0,0,0,1
417.jpg,0,0,1,0,0,0,0,0,0,0,0,0,0,1
418.jpg,0,0,1,0,0,0,0,0,0,0,0,0,0,1
419.jpg,0,0,1,0,0,0,0,0,0,0,0,0,0,1
420.jpg,0,0,1,0,0,0,0,0,0,0,0,0,0,1
421.jpg,0,0,1,0,0,0,0,0,0,0,0,0,0,1
422.jpg,0,0,1,0,0,0,0,0,0,0,0,0,0,1
423.jpg,1,0,1,0,0,0,0,0,0,0,0,0,0,2
424.jpg,0,0,1,0,0,0,0,0,0,0,0,0,0,1
425.jpg,0,0,1,0,0,0,0,0,0,0,0,0,0,1
426.jpg,0,0,1,0,0,0,0,0,0,0,0,0,0,1
427.jpg,0,0,3,0,0,0,0,0,0,0,0,0,0,3
428.jpg,0,0,1,0,0,0,0,0,0,0,0,0,0,1
429.jpg,0,0,1,0,0,0,0,0,0,0,0,0,0,1
430.jpg,0,0,1,0,0,0,0,0,0,0,0,0,0,1
431.jpg,0,0,1,0,0,0,0,0,0,0,0,0,0,1
432.jpg,0,0,1,0,0,0,0,0,0,0,0,0,0,1
433.jpg,0,0,1,0,0,0,0,0,0,0,0,0,0,1
434.jpg,0,0,1,0,0,0,0,0,0,0,0,0,0,1
437.jpg,0,0,1,0,0,0,0,0,0,0,0,0,0,1
438.jpg,0,0,1,0,0,0,0,0,0,0,0,0,0,1
439.jpg,0,0,1,0,0,0,0,0,0,0,0,0,0,1
44.jpg,0,0,1,0,0,0,0,0,0,0,0,0,0,1
442.jpg,0,0,1,0,0,0,0,0,0,0,0,0,0,1
443.jpg,0,0,3,0,0,0,0,0,0,0,0,0,0,3
444.jpg,0,0,1,0,0,0,0,0,0,0,0,0,0,1
445.jpg,0,0,1,0,0,0,0,0,0,0,0,0,0,1
447.jpg,0,0,1,0,0,0,0,0,0,0,0,0,0,1
449.jpg,0,0,1,0,0,0,0,0,0,0,0,0,0,1
45.jpg,0,0,1,0,0,0,0,0,0,0,0,0,0,1
451.jpg,0,0,1,0,0,0,0,0,0,0,0,0,0,1
452.jpg,0,0,1,0,0,0,0,0,0,0,0,0,0,1
453.jpg,0,0,2,0,0,0,0,0,0,0,0,0,0,2
455.jpg,0,0,1,0,0,0,0,0,0,0,0,0,0,1
457.jpg,0,0,1,0,0,0,0,0,0,0,0,0,0,1
458.jpg,0,0,1,0,0,0,0,0,0,0,0,0,0,1
459.jpg,0,0,1,0,0,0,0,0,0,0,0,0,0,1
46.jpg,0,0,1,0,0,0,0,0,0,0,0,0,0,1
461.jpg,0,0,1,0,0,0,0,0,0,0,0,0,0,1
462.jpg,1,0,1,0,0,0,0,0,0,0,0,0,0,2
463.jpg,0,0,1,0,0,0,0,0,0,0,0,0,0,1
464.jpg,0,0,1,0,0,0,0,0,0,0,0,0,0,1
465.jpg,0,0,1,0,0,0,0,0,0,0,0,0,0,1
466.jpg,0,0,1,0,0,0,0,0,0,0,0,0,0,1
467.jpg,0,0,1,0,0,0,0,0,0,0,0,0,0,1
468.jpg,2,0,2,0,0,0,0,0,0,0,0,0,0,4
469.jpg,0,0,0,0,0,0,0,0,0,0,0,0,0,0
470.jpg,0,0,1,0,0,0,0,0,0,0,0,0,0,1
471.jpg,0,0,0,0,0,0,0,0,0,0,0,0,0,0
472.jpg,0,0,1,0,0,0,0,0,0,0,0,0,0,1
473.jpg,0,0,1,0,0,0,0,0,0,0,0,0,0,1
474.jpg,0,0,1,0,0,0,0,0,0,0,0,0,0,1
475.jpg,0,0,1,0,0,0,0,0,0,0,0,0,0,1
476.jpg,0,0,0,1,0,0,0,0,0,0,0,0,0,1
477.jpg,0,0,3,0,0,0,0,0,0,0,0,0,0,3
480.jpg,0,0,1,0,0,0,0,0,0,0,0,0,0,1
49.jpg,0,0,1,0,0,0,0,0,0,0,0,0,0,1
5.jpg,0,0,1,0,0,0,0,0,0,0,0,0,0,1
50.jpg,0,0,1,0,0,0,0,0,0,0,0,0,0,1
51.jpg,0,0,1,0,0,0,0,0,0,0,0,0,0,1
52.jpg,0,0,1,0,0,0,0,0,0,0,0,0,0,1
56.jpg,0,0,1,0,0,0,0,0,0,0,0,0,0,1
562.jpg,0,0,4,0,0,0,0,0,0,0,0,0,0,4
563.jpg,0,0,1,0,0,0,0,0,0,0,0,0,0,1
568.jpg,0,0,2,0,0,0,0,0,0,0,0,0,0,2
57.jpg,0,0,1,0,0,0,0,0,0,0,0,0,0,1
574.jpg,0,0,1,0,0,0,0,0,0,0,0,0,0,1
575.jpg,0,0,1,0,0,0,0,0,0,0,0,0,0,1
576.jpg,0,0,1,0,0,0,0,0,0,0,0,0,0,1
578.jpg,2,0,1,0,0,0,0,0,0,0,0,0,0,3
58.jpg,0,0,1,0,0,0,0,0,0,0,0,0,0,1
581.jpg,0,0,0,0,0,0,0,0,0,0,0,0,0,0
582.jpg,0,0,1,0,0,0,0,0,0,0,0,0,0,1
583.jpg,0,0,0,0,0,0,0,1,0,0,0,0,0,1
584.jpg,0,0,1,0,0,0,0,0,0,0,0,0,0,1
586.jpg,1,0,1,0,0,0,0,0,0,0,0,0,0,2
587.jpg,0,0,1,0,0,0,0,0,0,0,0,0,0,1
588.jpg,0,0,2,0,0,0,0,0,0,0,0,0,0,2
589.jpg,0,0,1,0,0,0,0,0,0,0,0,0,0,1
59.jpg,0,0,1,0,0,0,0,0,0,0,0,0,0,1
591.jpg,0,0,1,0,0,0,0,0,0,0,0,0,0,1
592.jpg,3,0,1,0,0,0,0,0,0,0,0,0,0,4
593.jpg,0,0,2,0,0,0,0,0,0,0,0,0,0,2
594.jpg,0,0,1,0,0,0,0,0,0,0,0,0,0,1
595.jpg,0,0,1,0,0,0,0,0,0,0,0,0,0,1
596.jpg,0,0,1,0,0,0,0,0,0,0,0,0,0,1
597.jpg,0,0,1,0,0,0,0,0,0,0,0,0,0,1
598.jpg,0,0,1,0,0,0,0,0,0,0,0,0,0,1
60.jpg,0,0,1,0,0,0,0,0,0,0,0,0,0,1
600.jpg,0,0,1,0,0,0,0,0,0,0,0,0,0,1
601.jpg,0,0,1,0,0,0,0,0,0,0,0,0,0,1
602.jpg,0,0,1,0,0,0,0,0,0,0,0,0,0,1
603.jpg,0,0,1,0,0,0,0,0,0,0,0,0,0,1
605.jpg,0,0,1,0,0,0,0,0,0,0,0,0,0,1
606.jpg,0,0,2,0,0,0,0,0,0,0,0,0,0,2
607.jpg,0,0,1,0,0,0,0,0,0,0,0,0,0,1
61.jpg,0,0,1,0,0,0,0,0,0,0,0,0,0,1
612.jpg,0,0,1,0,0,0,0,0,0,0,0,0,0,1
614.jpg,0,0,1,0,0,0,0,0,0,0,0,0,0,1
616.jpg,0,0,1,0,0,0,0,0,0,0,0,0,0,1
619.jpg,0,0,1,0,0,0,0,0,0,0,0,0,0,1
620.jpg,0,0,1,0,0,0,0,0,0,0,0,0,0,1
621.jpg,0,0,1,0,0,0,0,0,0,0,0,0,0,1
622.jpg,0,0,1,0,0,0,0,0,0,0,0,0,0,1
623.jpg,0,0,1,0,0,0,0,0,0,0,0,0,0,1
624.jpg,0,0,1,0,0,0,0,0,0,0,0,0,0,1
625.jpg,0,0,1,0,0,0,0,0,0,0,0,0,0,1
626.jpg,0,0,1,0,0,0,0,0,0,0,0,0,0,1
627.jpg,0,0,1,0,0,0,0,0,0,0,0,0,0,1
629.jpg,0,0,0,0,0,0,0,1,0,0,0,0,0,1
630.jpg,0,0,1,0,0,0,0,0,0,0,0,0,0,1
631.jpg,0,0,1,0,0,0,0,0,0,0,0,0,0,1
633.jpg,0,0,1,0,0,0,0,0,0,0,0,0,0,1
634.jpg,0,0,1,0,0,0,0,0,0,0,0,0,0,1
636.jpg,0,0,1,0,0,0,0,0,0,0,0,0,0,1
637.jpg,0,0,1,0,0,0,0,0,0,0,0,0,0,1
638.jpg,0,0,1,0,0,0,0,0,0,0,0,0,0,1
639.jpg,0,0,1,0,0,0,0,0,0,0,0,0,0,1
64.jpg,0,0,2,0,0,0,0,0,0,0,0,0,0,2
640.jpg,0,0,1,0,0,0,0,0,0,0,0,0,0,1
641.jpg,0,0,1,0,0,0,0,0,0,0,0,0,0,1
642.jpg,0,0,1,0,0,0,0,0,0,0,0,0,0,1
643.jpg,0,0,1,0,0,0,0,0,0,0,0,0,0,1
644.jpg,0,0,2,0,0,0,0,0,0,0,0,0,0,2
645.jpg,0,0,1,0,0,0,0,0,0,0,0,0,0,1
647.jpg,0,0,1,0,0,0,0,0,0,0,0,0,0,1
65.jpg,0,0,1,0,0,0,0,0,0,0,0,0,0,1
653.jpg,0,0,1,0,0,0,0,0,0,0,0,0,0,1
654.jpg,0,0,1,0,0,0,0,0,0,0,0,0,0,1
655.jpg,0,0,1,0,0,0,0,0,0,0,0,0,0,1
656.jpg,0,0,1,0,0,0,0,0,0,0,0,0,0,1
657.jpg,0,0,1,0,0,0,0,0,0,0,0,0,0,1
658.jpg,0,0,1,0,0,0,0,0,0,0,0,0,0,1
660.jpg,0,0,1,0,0,0,0,0,0,0,0,0,0,1
661.jpg,0,0,1,0,0,0,0,0,0,0,0,0,0,1
662.jpg,0,0,1,0,0,0,0,0,0,0,0,0,0,1
663.jpg,0,0,1,0,0,0,0,0,0,0,0,0,0,1
664.jpg,0,0,1,0,0,0,0,0,0,0,0,0,0,1
665.jpg,0,0,1,0,0,0,0,0,0,0,0,1,0,2
667.jpg,0,0,1,0,0,0,0,0,0,0,0,0,0,1
668.jpg,0,0,1,0,0,0,0,0,0,0,0,0,0,1
669.jpg,0,0,1,0,0,0,0,0,0,0,0,0,0,1
671.jpg,0,0,1,0,0,0,0,0,0,0,0,0,0,1
672.jpg,0,0,1,0,0,0,0,0,0,0,0,0,0,1
674.jpg,0,0,1,0,0,0,0,0,0,0,0,0,0,1
676.jpg,0,0,1,0,0,0,0,0,0,0,0,0,0,1
677.jpg,0,0,1,0,0,0,0,0,0,0,0,0,0,1
678.jpg,0,0,1,0,0,0,0,0,0,0,0,0,0,1
680.jpg,0,0,1,0,0,0,0,0,0,0,0,0,0,1
681.jpg,0,0,1,0,0,0,0,0,0,0,0,0,0,1
682.jpg,0,0,1,0,0,0,0,0,0,0,0,0,0,1
683.jpg,4,0,1,0,0,0,0,0,0,0,0,0,0,5
685.jpg,0,0,1,0,0,0,0,0,0,0,0,0,0,1
687.jpg,0,0,1,0,0,0,0,0,0,0,0,0,0,1
688.jpg,0,0,1,0,0,0,0,0,0,0,0,0,0,1
69.jpg,0,0,1,0,0,0,0,0,0,0,0,0,0,1
690.jpg,0,0,1,0,0,0,0,0,0,0,0,0,0,1
693.jpg,0,0,1,0,0,0,0,0,0,0,0,0,0,1
694.jpg,0,0,1,0,0,0,0,0,0,0,0,0,0,1
695.jpg,0,0,1,0,0,0,0,0,0,0,0,0,0,1
696.jpg,0,0,1,0,0,0,0,0,0,0,0,0,0,1
699.jpg,0,0,1,0,0,0,0,0,0,0,0,0,0,1
7.jpg,0,0,1,0,0,0,0,0,0,0,0,0,0,1
70.jpg,0,0,1,0,0,0,0,0,0,0,0,0,0,1
701.jpg,0,0,2,0,0,0,0,0,0,0,0,0,0,2
702.jpg,0,0,1,0,0,0,0,0,0,0,0,0,0,1
704.jpg,0,0,1,0,0,0,0,0,0,0,0,0,0,1
705.jpg,0,0,1,0,0,0,0,0,0,0,0,0,0,1
706.jpg,0,0,1,0,0,0,0,0,0,0,0,0,0,1
707.jpg,0,0,1,0,0,0,0,0,0,0,0,0,0,1
708.jpg,0,0,1,0,0,0,0,0,0,0,0,0,0,1
709.jpg,0,0,2,0,0,0,0,0,0,0,0,0,0,2
71.jpg,1,0,1,0,0,0,0,0,0,0,0,0,0,2
710.jpg,0,0,1,0,0,0,0,0,0,0,0,0,0,1
711.jpg,0,0,0,0,0,0,0,0,0,0,0,0,0,0
712.jpg,0,0,1,0,0,0,0,0,0,0,0,0,0,1
713.jpg,0,0,1,0,0,0,0,0,0,0,0,0,0,1
714.jpg,0,0,1,0,0,0,0,0,0,0,0,0,0,1
715.jpg,0,0,1,0,0,0,0,0,0,0,0,0,0,1
716.jpg,0,0,1,0,0,0,0,0,0,0,0,0,0,1
717.jpg,0,0,1,0,0,0,0,0,0,0,0,0,0,1
718.jpg,0,0,1,0,0,0,0,0,0,0,0,0,0,1
74.jpg,0,0,1,0,0,0,0,0,0,0,0,0,0,1
75.jpg,0,0,1,0,0,0,0,0,0,0,0,0,0,1
76.jpg,0,0,1,0,0,0,0,0,0,0,0,0,0,1
77.jpg,0,0,1,0,0,0,0,0,0,0,0,0,0,1
78.jpg,0,0,1,0,0,0,0,0,0,0,0,0,0,1
80.jpg,0,0,1,0,0,0,0,0,0,0,0,0,0,1
801.jpg,0,0,1,0,0,0,0,0,0,0,0,0,0,1
802.jpg,0,0,0,0,0,0,0,0,0,0,0,0,0,0
803.jpg,0,0,1,0,0,0,0,0,0,0,0,0,0,1
804.jpg,0,0,1,0,0,0,0,0,0,0,0,0,0,1
805.jpg,0,0,1,0,0,0,0,0,0,0,0,0,0,1
806.jpg,0,0,1,0,0,0,0,0,0,0,0,0,0,1
81.jpg,0,0,1,0,0,0,0,0,0,0,0,0,0,1
812.jpg,0,0,1,0,0,0,0,0,0,0,0,0,0,1
813.jpg,0,0,1,0,0,0,0,0,0,0,0,0,0,1
814.jpg,0,0,1,0,0,0,0,0,0,0,0,0,0,1
815.jpg,0,0,1,0,0,0,0,0,0,0,0,0,0,1
816.jpg,0,0,1,0,0,0,0,0,0,0,0,0,0,1
817.jpg,0,0,1,0,0,0,0,0,0,0,0,0,0,1
818.jpg,1,0,1,0,0,0,0,0,0,0,0,0,0,2
819.jpg,0,0,1,0,0,0,0,0,0,0,0,0,0,1
820.jpg,0,0,1,0,0,0,0,0,0,0,0,0,0,1
821.jpg,0,0,1,0,0,0,0,0,0,0,0,0,0,1
822.jpg,0,0,1,0,0,0,0,0,0,0,0,0,0,1
823.jpg,0,0,1,0,0,0,0,0,0,0,0,0,0,1
825.jpg,0,0,1,0,0,0,0,0,0,0,0,0,0,1
826.jpg,0,0,1,0,0,0,0,0,0,0,0,0,0,1
827.jpg,0,0,1,0,0,0,0,0,0,0,0,0,0,1
829.jpg,0,0,1,0,0,0,0,0,0,0,0,0,0,1
831.jpg,0,0,1,0,0,0,0,0,0,0,0,0,0,1
833.jpg,0,0,1,0,0,0,0,0,0,0,0,0,0,1
834.jpg,0,0,1,0,0,0,0,0,0,0,0,0,0,1
835.jpg,0,0,1,0,0,0,0,0,0,0,0,0,0,1
836.jpg,0,0,1,0,0,0,0,0,0,0,0,0,0,1
838.jpg,0,0,1,0,0,0,0,0,0,0,0,0,0,1
839.jpg,0,0,1,0,0,0,0,0,0,0,0,0,0,1
84.jpg,0,0,1,0,0,0,0,0,0,0,0,0,0,1
840.jpg,0,0,2,0,0,0,0,0,0,0,0,0,0,2
841.jpg,0,0,1,0,0,0,0,0,0,0,0,0,0,1
842.jpg,0,0,1,0,0,0,0,0,0,0,0,0,0,1
843.jpg,0,0,1,0,0,0,0,0,0,0,0,0,0,1
844.jpg,0,0,1,0,0,0,0,0,0,0,0,0,0,1
846.jpg,0,0,1,0,0,0,0,0,0,0,0,0,0,1
847.jpg,0,0,1,0,0,0,0,0,0,0,0,0,0,1
85.jpg,0,0,1,0,0,0,0,0,0,0,0,0,0,1
850.jpg,0,0,1,0,0,0,0,0,0,0,0,0,0,1
851.jpg,0,0,1,0,0,0,0,0,0,0,0,0,0,1
852.jpg,0,0,1,0,0,0,0,0,0,0,0,0,0,1
853.jpg,0,0,1,0,0,0,0,0,0,0,0,0,0,1
854.jpg,0,0,1,0,0,0,0,0,0,0,0,0,0,1
855.jpg,0,0,1,0,0,0,0,0,0,0,0,0,0,1
858.jpg,0,0,1,0,0,0,0,0,0,0,0,0,0,1
859.jpg,0,0,1,0,0,0,0,0,0,0,0,0,0,1
86.jpg,0,0,1,0,0,0,0,0,0,0,0,0,0,1
860.jpg,0,0,1,0,0,0,0,0,0,0,0,0,0,1
861.jpg,0,0,1,0,0,0,0,0,0,0,0,0,0,1
862.jpg,0,0,1,0,0,0,0,0,0,0,0,0,0,1
864.jpg,0,0,1,0,0,0,0,0,0,0,0,0,0,1
865.jpg,0,0,1,0,0,0,0,0,0,0,0,0,0,1
866.jpg,0,0,1,0,0,0,0,0,0,0,0,0,0,1
869.jpg,0,0,3,0,0,0,0,0,0,0,0,0,0,3
870.jpg,0,0,1,0,0,0,0,0,0,0,0,0,0,1
871.jpg,0,0,1,0,0,0,0,0,0,0,0,0,0,1
875.jpg,0,0,1,0,0,0,0,0,0,0,0,0,0,1
876.jpg,0,0,1,0,0,0,0,0,0,0,0,0,0,1
877.jpg,1,0,1,0,0,0,0,0,0,0,0,0,0,2
878.jpg,0,0,1,0,0,0,0,0,0,0,0,0,0,1
879.jpg,0,0,1,0,0,0,0,0,0,0,0,0,0,1
88.jpg,0,0,1,0,0,0,0,0,0,0,0,0,0,1
880.jpg,0,0,1,0,0,0,0,0,0,0,0,0,0,1
885.jpg,0,0,1,0,0,0,0,0,0,0,0,0,0,1
886.jpg,0,0,1,0,0,0,0,0,0,0,0,0,0,1
887.jpg,0,0,1,0,0,0,0,0,0,0,0,0,0,1
888.jpg,0,0,1,0,0,0,0,0,0,0,0,0,0,1
889.jpg,0,0,1,0,0,0,0,0,0,0,0,0,0,1
89.jpg,0,0,1,0,0,0,0,0,0,0,0,0,0,1
890.jpg,0,0,1,0,0,0,0,0,0,0,0,0,0,1
892.jpg,0,0,1,0,0,0,0,0,0,0,0,0,0,1
893.jpg,0,0,1,0,0,0,0,0,0,0,0,0,0,1
894.jpg,0,0,1,0,0,0,0,0,0,0,0,0,0,1
895.jpg,0,0,1,0,0,0,0,0,0,0,0,0,0,1
896.jpg,0,0,1,0,0,0,0,0,0,0,0,0,0,1
897.jpg,0,0,1,0,0,0,0,0,0,0,0,0,0,1
899.jpg,0,0,1,0,0,0,0,0,0,0,0,0,0,1
90.jpg,0,0,1,0,0,0,0,0,0,0,0,0,0,1
901.jpg,0,0,1,0,0,0,0,0,0,0,0,0,0,1
902.jpg,0,0,1,0,0,0,0,0,0,0,0,0,0,1
903.jpg,1,0,1,0,0,0,0,0,0,0,0,0,0,2
904.jpg,0,0,1,0,0,0,0,0,0,0,0,0,0,1
905.jpg,0,0,1,0,0,0,0,0,0,0,0,0,0,1
906.jpg,0,0,1,0,0,0,0,0,0,0,0,0,0,1
907.jpg,0,0,1,0,0,0,0,0,0,0,0,0,0,1
91.jpg,0,0,1,0,0,0,0,0,0,0,0,0,0,1
910.jpg,0,0,1,0,0,0,0,0,0,0,0,0,0,1
911.jpg,0,0,1,0,0,0,0,0,0,0,0,0,0,1
912.jpg,0,0,1,0,0,0,0,0,0,0,0,0,0,1
913.jpg,0,0,1,0,0,0,0,0,0,0,0,0,0,1
914.jpg,0,0,1,0,0,0,0,0,0,0,0,0,0,1
915.jpg,0,0,1,0,0,0,0,0,0,0,0,0,0,1
916.jpg,0,0,2,0,0,0,0,0,0,0,0,0,0,2
917.jpg,0,0,1,0,0,0,0,0,0,0,0,0,0,1
918.jpg,0,0,1,0,0,0,0,0,0,0,0,0,0,1
919.jpg,0,0,1,0,0,0,0,0,0,0,0,0,0,1
92.jpg,0,0,0,0,0,0,0,0,0,0,0,0,0,0
921.jpg,0,0,1,0,0,0,0,0,0,0,0,0,0,1
922.jpg,0,0,1,0,0,0,0,0,0,0,0,0,0,1
923.jpg,0,0,1,0,0,0,0,0,0,0,0,0,0,1
924.jpg,0,0,1,0,0,0,0,0,0,0,0,0,0,1
926.jpg,0,0,1,0,0,0,0,0,0,0,0,0,0,1
929.jpg,0,0,1,0,0,0,0,0,0,0,0,0,0,1
93.jpg,0,0,1,0,0,0,0,0,0,0,0,0,0,1
930.jpg,0,0,1,0,0,0,0,0,0,0,0,0,0,1
932.jpg,0,0,1,0,0,0,0,0,0,0,0,0,0,1
933.jpg,0,0,1,0,0,0,0,0,0,0,0,0,0,1
935.jpg,0,0,1,0,0,0,0,0,0,0,0,0,0,1
936.jpg,0,0,1,0,0,0,0,0,0,0,0,0,0,1
937.jpg,0,0,1,0,0,0,0,0,0,0,0,0,0,1
939.jpg,0,0,1,0,0,0,0,0,0,0,0,0,0,1
94.jpg,0,0,1,0,0,0,0,0,0,0,0,0,0,1
940.jpg,0,0,1,0,0,0,0,0,0,0,0,0,0,1
941.jpg,1,0,1,0,0,0,0,0,0,0,0,0,0,2
942.jpg,0,0,1,0,0,0,0,0,0,0,0,0,0,1
943.jpg,0,0,1,0,0,0,0,0,0,0,0,0,0,1
944.jpg,0,0,1,0,0,0,0,0,0,0,0,0,0,1
945.jpg,0,0,2,0,0,0,0,0,0,0,0,0,0,2
946.jpg,0,0,1,0,0,0,0,0,0,0,0,0,0,1
947.jpg,1,0,1,0,0,0,0,0,0,0,0,0,0,2
949.jpg,0,0,1,0,0,0,0,0,0,0,0,0,0,1
950.jpg,0,0,1,0,0,0,0,0,0,0,0,0,0,1
952.jpg,0,0,0,0,0,0,0,0,0,0,0,0,0,0
953.jpg,0,0,1,0,0,0,0,0,0,0,0,0,0,1
954.jpg,0,0,1,0,0,0,0,0,0,0,0,0,0,1
955.jpg,0,0,1,0,0,0,0,0,0,0,0,0,0,1
959.jpg,0,0,1,0,0,0,0,0,0,0,0,0,0,1
960.jpg,0,0,1,0,0,0,0,0,0,0,0,0,0,1
961.jpg,0,0,2,0,0,0,0,0,0,0,0,0,0,2
962.jpg,0,0,1,0,0,0,0,0,0,0,0,0,0,1
963.jpg,0,0,1,0,0,0,0,0,0,0,0,0,0,1
964.jpg,0,0,1,0,0,0,0,0,0,0,0,0,0,1
966.jpg,0,0,1,0,0,0,0,0,0,0,0,0,0,1
967.jpg,0,0,1,0,0,0,0,0,0,0,0,0,0,1
968.jpg,0,0,1,0,0,0,0,0,0,0,0,0,0,1
969.jpg,1,0,2,0,0,0,0,0,0,0,0,0,0,3
97.jpg,0,0,1,0,0,0,0,0,0,0,0,0,0,1
971.jpg,0,0,1,0,0,0,0,0,0,0,0,0,0,1
972.jpg,0,0,1,0,0,0,0,0,0,0,0,0,0,1
973.jpg,0,0,1,0,0,0,0,0,0,0,0,0,0,1
977.jpg,0,0,1,0,0,0,0,0,0,0,0,0,0,1
978.jpg,0,0,1,0,0,0,0,0,0,0,0,0,0,1
979.jpg,0,0,1,0,0,0,0,0,0,0,0,0,0,1
980.jpg,0,0,1,0,0,0,0,0,0,0,0,0,0,1
981.jpg,0,0,1,0,0,0,0,0,0,0,0,0,0,1
982.jpg,0,0,1,0,0,0,0,0,0,0,0,0,0,1
985.jpg,0,0,1,0,0,0,0,0,0,0,0,0,0,1
986.jpg,0,0,1,0,0,0,0,0,0,0,0,0,0,1
988.jpg,0,0,1,0,0,0,0,0,0,0,0,0,0,1
989.jpg,0,0,1,0,0,0,0,0,0,0,0,0,0,1
99.jpg,0,0,1,0,0,0,0,0,0,0,0,0,0,1
991.jpg,0,0,1,0,0,0,0,0,0,0,0,0,0,1
993.jpg,0,0,1,0,0,0,0,0,0,0,0,0,0,1
995.jpg,0,0,1,0,0,0,0,0,0,0,0,0,0,1
996.jpg,0,0,1,0,0,0,0,0,0,0,0,0,0,1
997.jpg,5,0,1,0,0,0,0,0,0,0,0,0,0,6
999.jpg,0,0,1,0,0,0,0,0,0,0,0,0,0,1
total,143,0,1734,3,0,1,1,19,0,2,0,2,0